url,type,domain,modality,system,task,notes
https://www.nature.com/articles/s41586-025-09005-y,,,,,,
https://arxiv.org/abs/2504.04280,,,,,,
https://www.nature.com/articles/s41586-025-09215-4,,,,,,
https://www.sciencedirect.com/science/article/pii/S0168010224000750,,,,,,
https://arxiv.org/abs/2503.00580,,,,,,
https://www.nature.com/articles/s41586-025-08829-y,,,,,,
https://www.nature.com/articles/s42256-022-00534-z,,,,,,
https://www.nature.com/articles/s41592-024-02201-0,,,,,,
https://www.nature.com/articles/s41586-023-06221-2,,,,,,
https://www.nature.com/articles/s41591-024-03141-0,,,,,,
https://www.nature.com/articles/s41467-022-29268-7,,,,,,
https://www.nature.com/articles/s41591-024-02856-4,,,,,,
https://www.nature.com/articles/nbt.3300,,,,,,
https://www.nature.com/articles/nmeth.3547,,,,,,
